YAH,"This map is posted in the Student Services building, on the North wall of the central stairwell. The nearest doors lead into the lobby near the Answer Center."
AED,"There is one Automated External Defibrilator on this floor. It is located on the North wall of the East lobby, East of a door to the Advising and Counseling office."
Phone,There is no Courtesy/Emergency phone on this floor. This building has one Courtesy/Emergency phone on the third floor.
EAA,There is no Evacuation Assistance Area on this floor.
EEC,"There is no Emergency Evacuation Chair on this floor, as it is the ground floor."
GSO,The Emergency Gas Shutoff is located on the exterior of the building. It is in the NW corner on the West wall.
FDC,The Fire Department Connection is located on the exterior of the building. It is in the NW corner on the North wall.
FE,"This floor has four fire extinguishers. Your nearest fire extinguishers are on the North wall of the lobby, next to the door to the restrooms or the door to the advising and counseling center."
FA,"This floor has one first aid kit. It is in the center of the Northern hallway of the Advising and Counseling center, between offices 118 and 119 on the North wall."
Go,There is one Go Bag on this floor. It is in an office  in the NW corner of the Advising and Counseling center.
Pull,"There are 5 alarm pulls on this floor. The one nearest to this map is directly to the east, on the North wall near the exit to the vestibule."
Roof,There is no roof access on this floor
Safe,"There are 3 designated safe assembly areas. To reach the one nearest to this map, head east until you reach the double doors in the vestibule, then South through the exterior doors. Continue 200 ft away from the building."